#Neuron, x[0], x[1], x[2], x[3], x[4], x[5], x[6], x[7], x[8], dx[0], dx[1], dx[2], dx[3], dx[4], dx[5], dx[6], dx[7], dx[8], a_gate[0], i_gate[0], f_gate[0], o_gate[0], state[0], out[0], da_gate[0], di_gate[0], df_gate[0], do_gate[0], dstate[0], dout[0], Dout[0], errors[0], ba[0], bi[0], bf[0], bo[0], dba[0], dbi[0], dbf[0], dbo[0], Wa[0][0], Wa[0][1], Wa[0][2], Wa[0][3], Wa[0][4], Wa[0][5], Wa[0][6], Wa[0][7], Wa[0][8], Wi[0][0], Wi[0][1], Wi[0][2], Wi[0][3], Wi[0][4], Wi[0][5], Wi[0][6], Wi[0][7], Wi[0][8], Wf[0][0], Wf[0][1], Wf[0][2], Wf[0][3], Wf[0][4], Wf[0][5], Wf[0][6], Wf[0][7], Wf[0][8], Wo[0][0], Wo[0][1], Wo[0][2], Wo[0][3], Wo[0][4], Wo[0][5], Wo[0][6], Wo[0][7], Wo[0][8], dWa[0][0], dWa[0][1], dWa[0][2], dWa[0][3], dWa[0][4], dWa[0][5], dWa[0][6], dWa[0][7], dWa[0][8], dWi[0][0], dWi[0][1], dWi[0][2], dWi[0][3], dWi[0][4], dWi[0][5], dWi[0][6], dWi[0][7], dWi[0][8], dWf[0][0], dWf[0][1], dWf[0][2], dWf[0][3], dWf[0][4], dWf[0][5], dWf[0][6], dWf[0][7], dWf[0][8], dWo[0][0], dWo[0][1], dWo[0][2], dWo[0][3], dWo[0][4], dWo[0][5], dWo[0][6], dWo[0][7], dWo[0][8], Ua[0][0], Ui[0][0], Uf[0][0], Uo[0][0], dUa[0][0], dUi[0][0], dUf[0][0], dUo[0][0], 
0, -0.098027, -0.352870, 0.551586, -0.246878, 0.211298, 0.509144, -0.225470, 0.211759, 0.716368, 0.000000, 0.000000, 0.000000, 0.000000, 0.000000, 0.000000, 0.000000, 0.000000, 0.000000, 0.474918, 0.492741, 0.446065, 0.226025, 0.234012, 0.051948, 0.000000, -0.000000, 0.000000, -0.000000, 0.000000, 0.000000, 0.000000, -0.126239, 0.105542, -0.167654, -0.491899, -0.395080, 0.000000, -0.000000, 0.000000, -0.000000, 0.285371, -0.924771, -0.404977, -0.658330, 0.901554, 0.948380, -0.127166, -0.549385, -0.575586, 0.035088, -0.627748, -0.845028, 0.343318, -0.453957, 0.646061, 0.716276, 0.389326, 0.443127, 0.343597, -0.401047, 0.484499, -0.918837, -0.446806, -0.938069, -0.058730, -0.900470, 0.590281, 0.854296, 0.892177, -0.549682, -0.338115, 0.382066, 0.065988, 0.573286, 0.735985, -0.500357, -0.000000, 0.000000, -0.000000, 0.000000, 0.000000, 0.000000, 0.000000, 0.000000, -0.000000, 0.000000, -0.000000, 0.000000, -0.000000, -0.000000, -0.000000, -0.000000, -0.000000, 0.000000, 0.000000, 0.000000, 0.000000, 0.000000, 0.000000, 0.000000, 0.000000, 0.000000, 0.000000, 0.000000, -0.000000, 0.000000, -0.000000, -0.000000, -0.000000, -0.000000, -0.000000, 0.000000, 0.662181, -0.631497, 0.659557, 0.925099, -0.000000, 0.000000, 0.000000, -0.000000, 
1, -0.314050, 0.316524, 0.517465, -0.246878, 0.211298, 0.509144, -0.247125, 0.197557, 0.716288, 0.000000, 0.000000, 0.000000, 0.000000, 0.000000, 0.000000, 0.000000, 0.000000, 0.000000, -0.779061, 0.558625, 0.911964, 0.431562, -0.221793, -0.094178, 0.000000, -0.000000, -0.000000, 0.000000, 0.000000, -0.000000, -0.000000, 0.019887, 0.035131, 0.426465, 0.627102, 0.181333, 0.000000, -0.000000, -0.000000, 0.000000, 0.815379, -0.655794, 0.219637, 0.487925, 0.547016, -0.718536, -0.167111, 0.535793, -0.752422, -0.810766, 0.876319, -0.058117, 0.900955, -0.434812, 0.443563, -0.907334, -0.941655, -0.851234, -0.608180, -0.139280, 0.347762, -0.496743, -0.497707, 0.993137, -0.531936, 0.756945, 0.761574, -0.589598, -0.314124, 0.121191, 0.436306, -0.580149, -0.267921, 0.257303, 0.351171, -0.408216, -0.000000, 0.000000, -0.000000, 0.000000, 0.000000, 0.000000, 0.000000, 0.000000, -0.000000, 0.000000, -0.000000, 0.000000, -0.000000, -0.000000, -0.000000, -0.000000, -0.000000, 0.000000, 0.000000, -0.000000, 0.000000, -0.000000, -0.000000, -0.000000, -0.000000, -0.000000, 0.000000, -0.000000, 0.000000, -0.000000, 0.000000, 0.000000, 0.000000, 0.000000, 0.000000, -0.000000, -0.815111, -0.657817, 0.338711, 0.986535, -0.000000, -0.000000, 0.000000, -0.000000, 
2, -0.560752, 0.292590, 0.534214, -0.246285, 0.193096, 0.508956, -0.252331, 0.193570, 0.716250, 0.000000, 0.000000, 0.000000, 0.000000, 0.000000, 0.000000, 0.000000, 0.000000, 0.000000, -0.149234, 0.456534, 0.570035, 0.434102, -0.194560, -0.083409, 0.000000, 0.000000, -0.000000, 0.000000, 0.000000, -0.000000, -0.000000, 0.035725, -0.760309, -0.419703, 0.610984, 0.884850, 0.000000, 0.000000, -0.000000, 0.000000, -0.974916, 0.564177, -0.473623, 0.434357, -0.565735, -0.420953, -0.025691, -0.569833, 0.849879, -0.377706, -0.374578, -0.130831, -0.009298, -0.513619, -0.084036, -0.718599, 0.227585, 0.091331, 0.277660, -0.634088, -0.511592, -0.506755, -0.552100, -0.475544, 0.466012, 0.813671, 0.699972, 0.244721, 0.052102, -0.926606, 0.715822, 0.267153, -0.885160, 0.221887, -0.544749, 0.414056, -0.000000, 0.000000, -0.000000, 0.000000, 0.000000, 0.000000, 0.000000, 0.000000, -0.000000, -0.000000, 0.000000, -0.000000, 0.000000, 0.000000, 0.000000, 0.000000, 0.000000, -0.000000, 0.000000, -0.000000, 0.000000, -0.000000, -0.000000, -0.000000, -0.000000, -0.000000, 0.000000, -0.000000, 0.000000, -0.000000, 0.000000, 0.000000, 0.000000, 0.000000, 0.000000, -0.000000, -0.390995, 0.636203, 0.538445, 0.460539, -0.000000, 0.000000, 0.000000, -0.000000, 
3, -0.276938, -0.163709, 0.572679, -0.246285, 0.193096, 0.508956, -0.258199, 0.189432, 0.716193, 0.000000, 0.000000, 0.000000, 0.000000, 0.000000, 0.000000, 0.000000, 0.000000, 0.000000, 0.742108, 0.318159, 0.369952, 0.327692, 0.164130, 0.053306, 0.000000, -0.000000, -0.000000, 0.000000, 0.000000, -0.000000, -0.000000, -0.100990, 0.763071, -0.522210, -0.325134, 0.455594, 0.000000, -0.000000, -0.000000, 0.000000, 0.716753, -0.064947, 0.945268, 0.296149, 0.449097, -0.547457, -0.316366, -0.449706, 0.103818, -0.934116, -0.045433, -0.190232, -0.466868, -0.828858, 0.456048, 0.458963, 0.037934, -0.586273, -0.533842, -0.683476, -0.914768, 0.646686, 0.990037, 0.645292, 0.337961, 0.947569, -0.489823, -0.756870, -0.630589, -0.620467, 0.875197, -0.576595, -0.117290, -0.466487, -0.732953, -0.961129, -0.000000, 0.000000, -0.000000, 0.000000, 0.000000, 0.000000, 0.000000, 0.000000, -0.000000, 0.000000, -0.000000, 0.000000, -0.000000, -0.000000, -0.000000, -0.000000, -0.000000, 0.000000, 0.000000, -0.000000, 0.000000, -0.000000, -0.000000, -0.000000, -0.000000, -0.000000, 0.000000, -0.000000, 0.000000, -0.000000, 0.000000, 0.000000, 0.000000, 0.000000, 0.000000, -0.000000, -0.148364, -0.170458, -0.794698, 0.480278, -0.000000, -0.000000, 0.000000, 0.000000, 
4, -0.112192, -0.129230, 0.574900, -0.246285, 0.193096, 0.508956, -0.262841, 0.185435, 0.716187, 0.000000, 0.000000, 0.000000, 0.000000, 0.000000, 0.000000, 0.000000, 0.000000, 0.000000, -0.838744, 0.524750, 0.585371, 0.665492, -0.344054, -0.220339, 0.000000, 0.000000, -0.000000, -0.000000, 0.000000, -0.000000, -0.000000, 0.172655, 0.183687, 0.492559, 0.704619, 0.683522, 0.000000, 0.000000, -0.000000, -0.000000, 0.368294, 0.636469, 0.026647, 0.510923, -0.746100, -0.996596, 0.222072, 0.832343, -0.842377, -0.173299, -0.506486, 0.339781, -0.202148, -0.455559, -0.815862, 0.418615, 0.330922, -0.226957, -0.591718, 0.693095, -0.192185, -0.100851, -0.153823, 0.471046, -0.179255, -0.635239, -0.485801, 0.313562, -0.067381, -0.524257, 0.963467, -0.062467, -0.446302, -0.674110, 0.200637, 0.794092, -0.000000, 0.000000, -0.000000, 0.000000, 0.000000, 0.000000, 0.000000, 0.000000, -0.000000, -0.000000, 0.000000, -0.000000, 0.000000, 0.000000, 0.000000, 0.000000, 0.000000, -0.000000, 0.000000, -0.000000, 0.000000, -0.000000, -0.000000, -0.000000, -0.000000, -0.000000, 0.000000, 0.000000, -0.000000, 0.000000, -0.000000, -0.000000, -0.000000, -0.000000, -0.000000, 0.000000, -0.766951, 0.411306, -0.451051, -0.534673, 0.000000, 0.000000, 0.000000, 0.000000, 
5, -0.211470, 0.147311, 0.523207, -0.246285, 0.193096, 0.508956, -0.267713, 0.181495, 0.716238, 0.000000, 0.000000, 0.000000, 0.000000, 0.000000, 0.000000, 0.000000, 0.000000, 0.000000, -0.123848, 0.701039, 0.635294, 0.735298, -0.305398, -0.217828, 0.000000, 0.000000, 0.000000, 0.000000, 0.000000, 0.000000, 0.000000, 0.170144, 0.941796, -0.084541, 0.934737, 0.789937, 0.000000, 0.000000, 0.000000, 0.000000, 0.266557, 0.547075, -0.667622, -0.787464, -0.948220, -0.586527, -0.078695, -0.262455, -0.832055, -0.792706, 0.534526, 0.668096, 0.867641, -0.005142, 0.590383, 0.964502, 0.960651, 0.599732, -0.273289, -0.231053, 0.021465, 0.523811, -0.230362, 0.599741, 0.446452, -0.126979, -0.702694, -0.706796, 0.057998, -0.413722, -0.784060, 0.273851, -0.754184, 0.078928, -0.995898, 0.715020, -0.000000, 0.000000, -0.000000, 0.000000, 0.000000, 0.000000, 0.000000, 0.000000, -0.000000, -0.000000, 0.000000, -0.000000, 0.000000, 0.000000, 0.000000, 0.000000, 0.000000, -0.000000, -0.000000, 0.000000, -0.000000, 0.000000, 0.000000, 0.000000, 0.000000, 0.000000, -0.000000, -0.000000, 0.000000, -0.000000, 0.000000, 0.000000, 0.000000, 0.000000, 0.000000, -0.000000, 0.551923, 0.309937, -0.501076, -0.928673, 0.000000, -0.000000, 0.000000, 0.000000, 
6, -0.273509, -0.040951, 0.543899, -0.187838, 0.173246, 0.509508, -0.278660, 0.172998, 0.716171, 0.000000, 0.000000, 0.000000, 0.000000, 0.000000, 0.000000, 0.000000, 0.000000, 0.000000, 0.225505, 0.367821, 0.311759, 0.634264, -0.012265, -0.007779, 0.000000, -0.000000, 0.000000, 0.000000, 0.000000, 0.000000, 0.000000, -0.076734, 0.044936, -0.807110, -0.945777, -0.325610, 0.000000, -0.000000, 0.000000, 0.000000, 0.134258, -0.265652, 0.662125, -0.428417, 0.522845, -0.448002, -0.362024, 0.995830, -0.342798, 0.066253, 0.794483, 0.576725, 0.932462, -0.412504, -0.322676, -0.603901, 0.590950, 0.293960, -0.226982, -0.947086, 0.162825, -0.012245, 0.230872, 0.523078, 0.293644, -0.479059, -0.403276, 0.466636, -0.053115, 0.713904, -0.014944, -0.555850, 0.289542, -0.194079, 0.130088, 0.391551, -0.000000, 0.000000, -0.000000, 0.000000, 0.000000, 0.000000, 0.000000, 0.000000, -0.000000, 0.000000, -0.000000, 0.000000, -0.000000, -0.000000, -0.000000, -0.000000, -0.000000, 0.000000, -0.000000, 0.000000, -0.000000, 0.000000, 0.000000, 0.000000, 0.000000, 0.000000, -0.000000, -0.000000, 0.000000, -0.000000, 0.000000, 0.000000, 0.000000, 0.000000, 0.000000, -0.000000, 0.469898, 0.914650, 0.543955, 0.070032, 0.000000, -0.000000, 0.000000, -0.000000, 
7, -0.054695, 0.027824, 0.561623, -0.187838, 0.173246, 0.509508, -0.283729, 0.169064, 0.716174, 0.000000, 0.000000, 0.000000, 0.000000, 0.000000, 0.000000, 0.000000, 0.000000, 0.000000, 0.910810, 0.686109, 0.460687, 0.471799, 0.619265, 0.259780, 0.000000, -0.000000, 0.000000, -0.000000, 0.000000, 0.000000, 0.000000, -0.344293, 0.301882, 0.498045, -0.735407, -0.592576, 0.000000, -0.000000, 0.000000, -0.000000, 0.088443, -0.773637, 0.433722, -0.960277, 0.691199, 0.319893, -0.234144, -0.050003, 0.692173, -0.350362, 0.501260, 0.452227, 0.013874, -0.076205, 0.174907, 0.656037, 0.042536, 0.153044, -0.661565, -0.535528, 0.783002, 0.400717, 0.881263, 0.135096, -0.554188, -0.185391, -0.210992, -0.249432, -0.202054, -0.043433, -0.408279, -0.670825, 0.315724, 0.423059, -0.961560, 0.918536, -0.000000, 0.000000, -0.000000, 0.000000, 0.000000, 0.000000, 0.000000, 0.000000, -0.000000, 0.000000, -0.000000, 0.000000, -0.000000, -0.000000, -0.000000, -0.000000, -0.000000, 0.000000, -0.000000, 0.000000, -0.000000, 0.000000, 0.000000, 0.000000, 0.000000, 0.000000, -0.000000, 0.000000, -0.000000, 0.000000, -0.000000, -0.000000, -0.000000, -0.000000, -0.000000, 0.000000, 0.820616, -0.087012, -0.964768, 0.482797, -0.000000, 0.000000, 0.000000, 0.000000, 
8, -0.134730, 0.110161, 0.547765, -0.187838, 0.173246, 0.509508, -0.289562, 0.165329, 0.716231, 0.000000, 0.000000, 0.000000, 0.000000, 0.000000, 0.000000, 0.000000, 0.000000, 0.000000, -0.566164, 0.332428, 0.410887, 0.557690, 0.066239, 0.036887, 0.000000, -0.000000, -0.000000, -0.000000, 0.000000, 0.000000, 0.000000, -0.121400, -0.669609, -0.227306, 0.012344, 0.365522, 0.000000, -0.000000, -0.000000, -0.000000, -0.345696, -0.294294, 0.513359, 0.369104, -0.606681, -0.675135, 0.493068, -0.450112, 0.355789, 0.253479, -0.500515, -0.554691, 0.218413, -0.331172, -0.549467, 0.396844, -0.897690, 0.820260, -0.283518, 0.044592, 0.337150, 0.533732, -0.995279, -0.417765, 0.313302, 0.103778, 0.292217, -0.911974, -0.254571, 0.204557, -0.311003, 0.159176, 0.274862, 0.185242, 0.204192, -0.938504, -0.000000, 0.000000, -0.000000, 0.000000, 0.000000, 0.000000, 0.000000, 0.000000, -0.000000, 0.000000, -0.000000, 0.000000, -0.000000, -0.000000, -0.000000, -0.000000, -0.000000, 0.000000, 0.000000, -0.000000, 0.000000, -0.000000, -0.000000, -0.000000, -0.000000, -0.000000, 0.000000, 0.000000, -0.000000, 0.000000, -0.000000, -0.000000, -0.000000, -0.000000, -0.000000, 0.000000, 0.281491, 0.694789, 0.407896, 0.466380, -0.000000, 0.000000, 0.000000, -0.000000, 
9, -0.418725, 0.052387, 0.533479, -0.187838, 0.173246, 0.509508, -0.296013, 0.161177, 0.716228, 0.000000, 0.000000, 0.000000, 0.000000, 0.000000, 0.000000, 0.000000, 0.000000, 0.000000, -0.595005, 0.290928, 0.572673, 0.364921, -0.135170, -0.049028, 0.000000, -0.000000, -0.000000, 0.000000, 0.000000, -0.000000, -0.000000, -0.035485, -0.800841, -0.360555, -0.453145, -0.561150, 0.000000, -0.000000, -0.000000, 0.000000, -0.680255, -0.217881, 0.362487, 0.240221, 0.295474, -0.105939, -0.744441, -0.102179, -0.722832, -0.663190, -0.855925, -0.428607, -0.155059, 0.497217, -0.846751, 0.077561, 0.940358, -0.520231, -0.193075, 0.037661, -0.159780, -0.085017, -0.160053, 0.973783, -0.351859, 0.672844, 0.050670, 0.833104, -0.848777, 0.755807, 0.565085, -0.211458, 0.443949, 0.611349, 0.217566, 0.059287, -0.000000, 0.000000, -0.000000, 0.000000, 0.000000, 0.000000, 0.000000, 0.000000, -0.000000, 0.000000, -0.000000, 0.000000, -0.000000, -0.000000, -0.000000, -0.000000, -0.000000, 0.000000, 0.000000, -0.000000, 0.000000, -0.000000, -0.000000, -0.000000, -0.000000, -0.000000, 0.000000, -0.000000, 0.000000, -0.000000, 0.000000, 0.000000, 0.000000, 0.000000, 0.000000, -0.000000, -0.963028, -0.253393, 0.452915, -0.354023, -0.000000, -0.000000, 0.000000, -0.000000, 
10, -0.261494, 0.028405, 0.525318, -0.322873, 0.154778, 0.507917, -0.296013, 0.161177, 0.716228, 0.000000, 0.000000, 0.000000, 0.000000, 0.000000, 0.000000, 0.000000, 0.000000, 0.000000, 0.093918, 0.419735, 0.335983, 0.458639, -0.005994, -0.002749, 0.000000, 0.000000, -0.000000, 0.000000, 0.000000, -0.000000, -0.000000, -0.092786, 0.219742, -0.842161, -0.676300, -0.017187, 0.000000, 0.000000, -0.000000, 0.000000, -0.376156, -0.340276, -0.104330, -0.845662, -0.541774, -0.968970, 0.080848, -0.522253, 0.285418, -0.911669, -0.949271, -0.342879, -0.695023, -0.046531, 0.140490, 0.997978, 0.197088, 0.627811, 0.210509, 0.742138, 0.465029, -0.020315, -0.507651, -0.674866, -0.853582, -0.582698, 0.087923, 0.986331, 0.899944, -0.808856, 0.048399, -0.286215, -0.071148, 0.358016, 0.101591, 0.945142, -0.000000, 0.000000, -0.000000, 0.000000, 0.000000, 0.000000, 0.000000, 0.000000, -0.000000, -0.000000, 0.000000, -0.000000, 0.000000, 0.000000, 0.000000, 0.000000, 0.000000, -0.000000, 0.000000, -0.000000, 0.000000, -0.000000, -0.000000, -0.000000, -0.000000, -0.000000, 0.000000, -0.000000, 0.000000, -0.000000, 0.000000, 0.000000, 0.000000, 0.000000, 0.000000, -0.000000, -0.617190, -0.008640, -0.893484, 0.234446, -0.000000, 0.000000, 0.000000, 0.000000, 
11, -0.071171, 0.154060, 0.554379, -0.322873, 0.154778, 0.507917, -0.313457, 0.149421, 0.716053, 0.000000, 0.000000, 0.000000, 0.000000, 0.000000, 0.000000, 0.000000, 0.000000, 0.000000, -0.251404, 0.559307, 0.320266, 0.594057, -0.142532, -0.084103, 0.000000, -0.000000, -0.000000, -0.000000, 0.000000, 0.000000, 0.000000, -0.011432, -0.364370, -0.001436, -0.561592, 0.819317, 0.000000, -0.000000, -0.000000, -0.000000, 0.678540, 0.487182, 0.615092, -0.301492, -0.677242, 0.110215, 0.001895, -0.193265, -0.392463, -0.169939, 0.310115, 0.745039, 0.182268, 0.112236, 0.804808, 0.178924, 0.777477, -0.922458, 0.845086, -0.234646, -0.310080, -0.212897, 0.658390, -0.238379, -0.310446, -0.767544, 0.059486, -0.425790, 0.641520, -0.926682, -0.270461, 0.403606, 0.587962, -0.712686, -0.514724, -0.905281, -0.000000, 0.000000, -0.000000, 0.000000, 0.000000, 0.000000, 0.000000, 0.000000, -0.000000, 0.000000, -0.000000, 0.000000, -0.000000, -0.000000, -0.000000, -0.000000, -0.000000, 0.000000, 0.000000, -0.000000, 0.000000, -0.000000, -0.000000, -0.000000, -0.000000, -0.000000, 0.000000, 0.000000, -0.000000, 0.000000, -0.000000, -0.000000, -0.000000, -0.000000, -0.000000, 0.000000, 0.820901, -0.688182, -0.285276, -0.946049, -0.000000, 0.000000, 0.000000, 0.000000, 
12, -0.451210, -0.098595, 0.531161, -0.322873, 0.154778, 0.507917, -0.325055, 0.142587, 0.716088, 0.000000, 0.000000, 0.000000, 0.000000, 0.000000, 0.000000, 0.000000, 0.000000, 0.000000, 0.047302, 0.176528, 0.571558, 0.534899, -0.073115, -0.039040, 0.000000, -0.000000, -0.000000, -0.000000, 0.000000, 0.000000, 0.000000, -0.056496, -0.508876, -0.856973, 0.502839, -0.567080, 0.000000, -0.000000, -0.000000, -0.000000, 0.387657, 0.569879, 0.608427, -0.024593, -0.538876, 0.275336, -0.859386, -0.939669, 0.451672, 0.824840, -0.573841, 0.863170, -0.343684, -0.903588, -0.636863, 0.982789, 0.626832, -0.420891, 0.736239, 0.076067, -0.002074, 0.334790, 0.673583, 0.750334, -0.432654, -0.157130, -0.549262, 0.002749, -0.731612, 0.931185, -0.914379, 0.463020, -0.917929, -0.251849, 0.447988, 0.021551, -0.000000, 0.000000, -0.000000, 0.000000, 0.000000, 0.000000, 0.000000, 0.000000, -0.000000, 0.000000, -0.000000, 0.000000, -0.000000, -0.000000, -0.000000, -0.000000, -0.000000, 0.000000, 0.000000, -0.000000, 0.000000, -0.000000, -0.000000, -0.000000, -0.000000, -0.000000, 0.000000, 0.000000, -0.000000, 0.000000, -0.000000, -0.000000, -0.000000, -0.000000, -0.000000, 0.000000, 0.723124, 0.263673, -0.480722, 0.275047, -0.000000, -0.000000, 0.000000, 0.000000, 
13, -0.318447, 0.074190, 0.480104, -0.328659, 0.140549, 0.508098, -0.331009, 0.139405, 0.716120, 0.000000, 0.000000, 0.000000, 0.000000, 0.000000, 0.000000, 0.000000, 0.000000, 0.000000, -0.889795, 0.848932, 0.244456, 0.381584, -0.773249, -0.247577, 0.000000, 0.000000, -0.000000, -0.000000, 0.000000, -0.000000, -0.000000, 0.138541, 0.058485, 0.437576, -0.777143, -0.896578, 0.000000, 0.000000, -0.000000, -0.000000, 0.005270, 0.389975, -0.055818, 0.976082, -0.512277, -0.398551, 0.527666, -0.201533, -0.912689, 0.526805, -0.712135, 0.879670, -0.875414, -0.381340, 0.900834, -0.780642, -0.439494, 0.290829, 0.289939, -0.455121, -0.548997, -0.131674, 0.333488, 0.376488, -0.890232, -0.999110, -0.582570, -0.386305, -0.634619, 0.405306, 0.251417, -0.371663, -0.338220, -0.020662, 0.803735, 0.477285, -0.000000, 0.000000, -0.000000, 0.000000, 0.000000, 0.000000, 0.000000, 0.000000, -0.000000, -0.000000, 0.000000, -0.000000, 0.000000, 0.000000, 0.000000, 0.000000, 0.000000, -0.000000, 0.000000, -0.000000, 0.000000, -0.000000, -0.000000, -0.000000, -0.000000, -0.000000, 0.000000, 0.000000, -0.000000, 0.000000, -0.000000, -0.000000, -0.000000, -0.000000, -0.000000, 0.000000, -0.426390, 0.018202, 0.346374, -0.956492, 0.000000, 0.000000, 0.000000, -0.000000, 
14, -0.206305, 0.067546, 0.638738, -0.328659, 0.140549, 0.508098, -0.342739, 0.133453, 0.716078, 0.000000, 0.000000, 0.000000, 0.000000, 0.000000, 0.000000, 0.000000, 0.000000, 0.000000, 0.179266, 0.152338, 0.281156, 0.811198, -0.190095, -0.152374, 0.000000, 0.000000, 0.000000, -0.000000, 0.000000, -0.000000, -0.000000, 0.043337, 0.630466, -0.722920, -0.222188, -0.067652, 0.000000, 0.000000, 0.000000, -0.000000, 0.578694, -0.158021, -0.581745, 0.415167, 0.303800, 0.130161, 0.348670, 0.102524, 0.112102, -0.037691, -0.706331, -0.203493, 0.402966, -0.089197, -0.211836, 0.811695, -0.850208, -0.244067, 0.842667, 0.928181, -0.930522, 0.534315, -0.321604, 0.810805, 0.732363, -0.086733, 0.204092, -0.477125, -0.181939, -0.094021, -0.983384, -0.168533, 0.928628, 0.435981, -0.318783, 0.954080, -0.000000, 0.000000, -0.000000, 0.000000, 0.000000, 0.000000, 0.000000, 0.000000, -0.000000, -0.000000, 0.000000, -0.000000, 0.000000, 0.000000, 0.000000, 0.000000, 0.000000, -0.000000, -0.000000, 0.000000, -0.000000, 0.000000, 0.000000, 0.000000, 0.000000, 0.000000, -0.000000, 0.000000, -0.000000, 0.000000, -0.000000, -0.000000, -0.000000, -0.000000, -0.000000, 0.000000, -0.067148, -0.109671, 0.113540, -0.246532, 0.000000, 0.000000, 0.000000, 0.000000, 
15, -0.573969, -0.207658, 0.542926, -0.328659, 0.140549, 0.508098, -0.348412, 0.130620, 0.716097, 0.000000, 0.000000, 0.000000, 0.000000, 0.000000, 0.000000, 0.000000, 0.000000, 0.000000, -0.825639, 0.833942, 0.844516, 0.119636, -0.849073, -0.082619, 0.000000, 0.000000, 0.000000, 0.000000, 0.000000, 0.000000, 0.000000, -0.026418, 0.775124, 0.042405, 0.339771, -0.894485, 0.000000, 0.000000, 0.000000, 0.000000, 0.049603, 0.928780, -0.755415, -0.181045, -0.172876, -0.997648, 0.759899, 0.280976, -0.877542, 0.132273, -0.158381, 0.908152, -0.961041, -0.809343, 0.610107, -0.474958, -0.009815, 0.598222, -0.227859, -0.626163, 0.360563, -0.620148, 0.877744, 0.611776, 0.786093, -0.173919, 0.798437, 0.467858, 0.343947, 0.548385, 0.949116, -0.824206, 0.104875, -0.127999, -0.669422, -0.948761, -0.000000, 0.000000, -0.000000, 0.000000, 0.000000, 0.000000, 0.000000, 0.000000, -0.000000, -0.000000, 0.000000, -0.000000, 0.000000, 0.000000, 0.000000, 0.000000, 0.000000, -0.000000, -0.000000, 0.000000, -0.000000, 0.000000, 0.000000, 0.000000, 0.000000, 0.000000, -0.000000, -0.000000, 0.000000, -0.000000, 0.000000, 0.000000, 0.000000, 0.000000, 0.000000, -0.000000, 0.803317, 0.148772, -0.763735, 0.084808, 0.000000, 0.000000, 0.000000, -0.000000, 
16, 0.069864, 0.210832, 0.532447, -0.403748, 0.127337, 0.508511, -0.358487, 0.125110, 0.716066, 0.000000, 0.000000, 0.000000, 0.000000, 0.000000, 0.000000, 0.000000, 0.000000, 0.000000, 0.887041, 0.225578, 0.386492, 0.492026, -0.128063, -0.062668, 0.000000, 0.000000, 0.000000, -0.000000, 0.000000, -0.000000, -0.000000, -0.073748, 0.815099, -0.647885, 0.471038, -0.985742, 0.000000, 0.000000, 0.000000, -0.000000, -0.560159, -0.919575, -0.205291, -0.196680, -0.663652, 0.934445, -0.313175, 0.392552, 0.516709, -0.827727, -0.244251, -0.387337, -0.273759, 0.409402, 0.696640, 0.794330, 0.344435, -0.744292, 0.395186, -0.767189, -0.151504, 0.797627, 0.910547, -0.031752, 0.545999, -0.139478, -0.483180, -0.315574, -0.100620, 0.621832, -0.194328, -0.903753, 0.215420, -0.190717, 0.832393, 0.597134, -0.000000, 0.000000, -0.000000, 0.000000, 0.000000, 0.000000, 0.000000, 0.000000, -0.000000, -0.000000, 0.000000, -0.000000, 0.000000, 0.000000, 0.000000, 0.000000, 0.000000, -0.000000, -0.000000, 0.000000, -0.000000, 0.000000, 0.000000, 0.000000, 0.000000, 0.000000, -0.000000, 0.000000, -0.000000, 0.000000, -0.000000, -0.000000, -0.000000, -0.000000, -0.000000, 0.000000, -0.156440, 0.644161, -0.448812, -0.119468, 0.000000, 0.000000, 0.000000, 0.000000, 
17, -0.500582, -0.321972, 0.526596, -0.403748, 0.127337, 0.508511, -0.358487, 0.125110, 0.716066, 0.000000, 0.000000, 0.000000, 0.000000, 0.000000, 0.000000, 0.000000, 0.000000, 0.000000, 0.292995, 0.249639, 0.265236, 0.285360, 0.039176, 0.011174, 0.000000, 0.000000, 0.000000, 0.000000, 0.000000, 0.000000, 0.000000, -0.147590, -0.008552, -0.982107, -0.546892, -0.788698, 0.000000, 0.000000, 0.000000, 0.000000, 0.011513, 0.362294, -0.928748, -0.364973, -0.421526, 0.266426, -0.324674, 0.190812, 0.757820, -0.250369, 0.345011, 0.225625, -0.118166, 0.472095, 0.330891, -0.064896, 0.008185, -0.714317, -0.503486, 0.427998, -0.028712, -0.496154, 0.784892, -0.925418, -0.508630, 0.789169, -0.991565, 0.806166, -0.834386, -0.592401, -0.430528, 0.265299, -0.341024, -0.807965, -0.797731, 0.120114, -0.000000, 0.000000, -0.000000, 0.000000, 0.000000, 0.000000, 0.000000, 0.000000, -0.000000, -0.000000, 0.000000, -0.000000, 0.000000, 0.000000, 0.000000, 0.000000, 0.000000, -0.000000, -0.000000, 0.000000, -0.000000, 0.000000, 0.000000, 0.000000, 0.000000, 0.000000, -0.000000, -0.000000, 0.000000, -0.000000, 0.000000, 0.000000, 0.000000, 0.000000, 0.000000, -0.000000, -0.609232, -0.995897, 0.526509, -0.226422, 0.000000, -0.000000, 0.000000, -0.000000, 
18, -0.012552, 0.273880, 0.548451, -0.403748, 0.127337, 0.508511, -0.371987, 0.116739, 0.716034, 0.000000, 0.000000, 0.000000, 0.000000, 0.000000, 0.000000, 0.000000, 0.000000, 0.000000, -0.185237, 0.294599, 0.670478, 0.651837, -0.028304, -0.018445, 0.000000, -0.000000, 0.000000, -0.000000, 0.000000, 0.000000, 0.000000, -0.117971, -0.824242, -0.223182, 0.194116, -0.188638, 0.000000, -0.000000, 0.000000, -0.000000, 0.630694, -0.338056, 0.138789, -0.914514, -0.017571, 0.992313, 0.510445, 0.924554, -0.169849, 0.436433, -0.742986, -0.386609, 0.651450, 0.057204, -0.497744, 0.638870, 0.393822, 0.674107, 0.285728, -0.890455, 0.866558, -0.017380, -0.989114, 0.849702, 0.385387, -0.611621, 0.257194, 0.701946, 0.297086, 0.717321, 0.351910, 0.657667, 0.183118, 0.268265, 0.555248, 0.492314, -0.000000, 0.000000, -0.000000, 0.000000, 0.000000, 0.000000, 0.000000, 0.000000, -0.000000, 0.000000, -0.000000, 0.000000, -0.000000, -0.000000, -0.000000, -0.000000, -0.000000, 0.000000, -0.000000, 0.000000, -0.000000, 0.000000, 0.000000, 0.000000, 0.000000, 0.000000, -0.000000, 0.000000, -0.000000, 0.000000, -0.000000, -0.000000, -0.000000, -0.000000, -0.000000, 0.000000, -0.004733, 0.633025, -0.991976, -0.183635, -0.000000, -0.000000, 0.000000, -0.000000, 
19, -0.480235, -0.089141, 0.611923, -0.379886, 0.119724, 0.508829, -0.374107, 0.114973, 0.715986, 0.000000, 0.000000, 0.000000, 0.000000, 0.000000, 0.000000, 0.000000, 0.000000, 0.000000, -0.513177, 0.829215, 0.500016, 0.211824, -0.439686, -0.087565, 0.000000, 0.000000, -0.000000, 0.000000, 0.000001, 0.000000, 0.000000, -0.028761, 0.775747, 0.632520, -0.369321, -0.733503, 0.000000, 0.000000, -0.000000, 0.000000, 0.931146, 0.979735, -0.692662, -0.172457, 0.930692, -0.564008, -0.218039, -0.228037, -0.460648, 0.366738, -0.344044, 0.769910, 0.428413, -0.202886, 0.387924, 0.097745, 0.172977, 0.893713, -0.210601, -0.212710, 0.417527, -0.052589, -0.997465, -0.290620, 0.915788, 0.104316, 0.772955, 0.069968, -0.934384, 0.289747, -0.180583, 0.441114, -0.639460, 0.611999, -0.297014, -0.480149, -0.000000, 0.000000, -0.000000, 0.000000, 0.000000, 0.000000, 0.000000, 0.000000, -0.000000, -0.000000, 0.000000, -0.000000, 0.000000, 0.000000, 0.000000, 0.000000, 0.000000, -0.000000, 0.000000, -0.000000, 0.000000, -0.000000, -0.000000, -0.000000, -0.000000, -0.000000, 0.000000, -0.000000, 0.000000, -0.000000, 0.000000, 0.000000, 0.000000, 0.000000, 0.000000, -0.000000, 0.944843, -0.277252, -0.129686, 0.667967, 0.000000, 0.000000, 0.000000, 0.000000, 
20, -0.685447, -0.239582, 0.519618, -0.379886, 0.119724, 0.508829, -0.376369, 0.113268, 0.716050, 0.000000, 0.000000, 0.000000, 0.000000, 0.000000, 0.000000, 0.000000, 0.000000, 0.000000, 0.155353, 0.421850, 0.702618, 0.618759, -0.243396, -0.147698, 0.000000, 0.000001, 0.000000, 0.000000, 0.000003, 0.000004, 0.000004, 0.031372, 0.775302, -0.866194, -0.300470, -0.165957, 0.000000, 0.000000, 0.000000, 0.000000, -0.450256, -0.669840, 0.431247, 0.891352, 0.367132, -0.389723, 0.776661, -0.241129, -0.581740, -0.439744, -0.997168, 0.094032, 0.979220, 0.512572, -0.396302, -0.134674, 0.858139, 0.421667, -0.414499, -0.853176, 0.976683, -0.196806, -0.312119, 0.760885, -0.914819, -0.163769, -0.834342, -0.142926, 0.157257, 0.362078, -0.672659, -0.851116, 0.382199, -0.683628, 0.308579, -0.251462, -0.000000, 0.000000, -0.000000, 0.000000, 0.000000, 0.000000, 0.000000, 0.000000, -0.000000, -0.000000, 0.000000, -0.000000, 0.000000, 0.000000, 0.000000, 0.000000, 0.000000, -0.000000, -0.000000, 0.000000, -0.000000, 0.000000, 0.000000, 0.000000, 0.000000, 0.000000, -0.000000, -0.000000, 0.000000, -0.000000, 0.000000, 0.000000, 0.000000, 0.000000, 0.000000, -0.000000, 0.986426, 0.389586, -0.056867, -0.439970, 0.000000, -0.000000, 0.000000, 0.000000, 
21, 0.274720, 0.184342, 0.481979, -0.379886, 0.119724, 0.508829, -0.377497, 0.111674, 0.716132, 0.000000, 0.000000, 0.000000, 0.000000, 0.000000, 0.000000, 0.000000, 0.000000, 0.000000, 0.535998, 0.478175, 0.725465, 0.705053, 0.079726, 0.056092, 0.000004, -0.000000, 0.000000, 0.000000, 0.000007, -0.000002, -0.000002, -0.172418, 0.569860, -0.077662, -0.062077, 0.200500, 0.000000, -0.000000, 0.000000, 0.000000, 0.424987, 0.405728, 0.861563, -0.465799, -0.082976, -0.996707, -0.530163, 0.267891, -0.450137, -0.687510, 0.882492, 0.021452, -0.686717, 0.138557, -0.388368, 0.846177, -0.763080, 0.542489, 0.905797, -0.782148, 0.625372, 0.377855, -0.473416, 0.009715, -0.928685, 0.636705, 0.548693, -0.144209, 0.298448, 0.228659, 0.143969, -0.306425, -0.237529, -0.112106, -0.307420, 0.956021, -0.000000, 0.000000, -0.000000, 0.000000, 0.000000, 0.000000, 0.000000, 0.000000, -0.000000, 0.000000, -0.000000, 0.000000, -0.000000, -0.000000, -0.000000, -0.000000, -0.000000, 0.000000, -0.000000, 0.000000, -0.000000, 0.000000, 0.000000, 0.000000, 0.000000, 0.000000, -0.000000, -0.000000, 0.000000, -0.000000, 0.000000, 0.000000, 0.000000, 0.000000, 0.000000, -0.000000, -0.590237, -0.710554, -0.396591, 0.340647, -0.000000, 0.000000, 0.000000, 0.000000, 
22, -0.730374, -0.323194, 0.574445, -0.379886, 0.119724, 0.508829, -0.379287, 0.109342, 0.716139, 0.000000, 0.000000, 0.000000, 0.000000, 0.000000, 0.000000, 0.000000, 0.000000, 0.000000, 0.561839, 0.881006, 0.189408, 0.429966, 0.510084, 0.202089, 0.000009, -0.000004, -0.000000, -0.000000, 0.000031, 0.000005, 0.000005, -0.318415, 0.193974, 0.715556, -0.864730, -0.025892, 0.000000, -0.000000, -0.000000, -0.000000, 0.419419, -0.228931, 0.203049, 0.043529, 0.606802, 0.638045, -0.892823, -0.853288, -0.049921, 0.767380, -0.120658, 0.893260, -0.009335, 0.813510, 0.869550, -0.401122, 0.168662, 0.866682, 0.255216, -0.486002, -0.533323, -0.195360, 0.798509, -0.036140, 0.620248, -0.387709, -0.146585, 0.286681, 0.322240, -0.890111, 0.035543, -0.925725, -0.072408, -0.343944, 0.566593, 0.723905, -0.000000, 0.000000, -0.000000, 0.000000, 0.000000, 0.000000, 0.000000, 0.000000, -0.000000, 0.000000, -0.000000, 0.000000, -0.000000, -0.000000, -0.000000, -0.000000, -0.000000, 0.000000, 0.000000, -0.000000, 0.000000, -0.000000, -0.000000, -0.000000, -0.000000, -0.000000, 0.000000, 0.000000, -0.000000, 0.000000, -0.000000, -0.000000, -0.000000, -0.000000, -0.000000, 0.000000, 0.179669, 0.716818, -0.904768, -0.017152, -0.000000, 0.000000, 0.000000, -0.000000, 
23, -0.506728, 0.025946, 0.482881, -0.406249, 0.114961, 0.509371, -0.379142, 0.108645, 0.716231, 0.000000, 0.000000, 0.000000, 0.000000, 0.000000, 0.000000, 0.000000, 0.000000, 0.000000, 0.743127, 0.723535, 0.620112, 0.342082, 0.853988, 0.237113, 0.000031, -0.000006, -0.000004, 0.000000, 0.000073, -0.000007, -0.000007, -0.365178, -0.264944, 0.462162, 0.074398, -0.427944, 0.000000, -0.000000, -0.000000, 0.000000, -0.260738, 0.250354, -0.479674, -0.325573, -0.000787, 0.717363, -0.964106, -0.761622, 0.696289, 0.369737, 0.520215, -0.150966, 0.122465, 0.145856, -0.126465, -0.628836, -0.693097, 0.748479, 0.051481, -0.953113, 0.330141, -0.814972, 0.253649, 0.760949, 0.453859, -0.298524, -0.074653, 0.938315, -0.706009, -0.890038, -0.674635, 0.104697, 0.887193, -0.021928, -0.014644, -0.061135, -0.000000, 0.000000, -0.000000, 0.000000, 0.000000, 0.000000, 0.000000, 0.000000, -0.000000, 0.000000, -0.000000, 0.000000, -0.000000, -0.000000, -0.000000, -0.000000, -0.000000, 0.000000, 0.000000, -0.000000, 0.000000, -0.000000, -0.000000, -0.000000, -0.000000, -0.000000, 0.000000, -0.000000, 0.000000, -0.000000, 0.000000, 0.000000, 0.000000, 0.000000, 0.000000, -0.000000, -0.142005, -0.666313, -0.930189, 0.711267, -0.000000, -0.000000, 0.000000, -0.000000, 
24, 0.344197, 0.478171, 0.547780, -0.406249, 0.114961, 0.509371, -0.378894, 0.108091, 0.716311, 0.000000, 0.000000, 0.000000, 0.000000, 0.000000, 0.000000, 0.000000, 0.000000, 0.000000, 0.972124, 0.159965, 0.546680, 0.419494, 0.622365, 0.231885, 0.000031, 0.000016, -0.000008, 0.000001, 0.000141, 0.000075, 0.000075, -0.359949, 0.850194, -0.482926, -0.429055, -0.189905, 0.000000, 0.000000, -0.000000, 0.000000, 0.240222, 0.788826, 0.678256, 0.247436, -0.057595, 0.925730, -0.388181, -0.579493, 0.045765, -0.029132, -0.438810, -0.926835, -0.926934, 0.550348, -0.725341, -0.340525, -0.928064, -0.543183, 0.244854, 0.879346, -0.185448, 0.791521, -0.161817, 0.965482, 0.141254, 0.208547, 0.437044, 0.767045, -0.508848, -0.312571, -0.047926, -0.015752, -0.835713, -0.724471, 0.672449, -0.128757, -0.000000, 0.000000, -0.000000, 0.000000, 0.000000, 0.000000, 0.000000, 0.000000, -0.000000, -0.000000, 0.000000, -0.000000, 0.000000, 0.000000, 0.000000, 0.000000, 0.000000, -0.000000, 0.000000, -0.000000, 0.000000, -0.000000, -0.000000, -0.000000, -0.000000, -0.000000, 0.000000, -0.000000, 0.000000, -0.000000, 0.000000, 0.000000, 0.000000, 0.000000, 0.000000, -0.000000, 0.972097, -0.377244, -0.408337, -0.634697, 0.000000, -0.000000, 0.000000, 0.000000, 
25, -0.836433, -0.629558, 0.526457, -0.406249, 0.114961, 0.509371, -0.379505, 0.107458, 0.716460, 0.000000, 0.000000, 0.000000, 0.000000, 0.000000, 0.000000, 0.000000, 0.000000, 0.000000, -0.040696, 0.759766, 0.570524, 0.600357, 0.324154, 0.188067, 0.000070, -0.000032, 0.000003, 0.000005, 0.000336, -0.000186, -0.000186, -0.316132, -0.467521, 0.008586, -0.015362, -0.243546, 0.000000, -0.000000, 0.000000, 0.000000, -0.011989, 0.334621, -0.744206, -0.210236, -0.330952, -0.252700, -0.966162, 0.206791, 0.678737, 0.336546, -0.789383, 0.177798, -0.670013, -0.855927, 0.989455, -0.261268, -0.685060, 0.304123, 0.367427, 0.393160, 0.536985, -0.823074, -0.191801, 0.530339, -0.118064, 0.947160, -0.087745, -0.302281, -0.428321, 0.191540, -0.344623, 0.263843, 0.214215, 0.082982, -0.794218, 0.016378, -0.000000, 0.000000, -0.000000, 0.000000, 0.000000, 0.000000, 0.000000, 0.000000, -0.000000, 0.000000, -0.000000, 0.000000, -0.000000, -0.000000, -0.000000, -0.000000, -0.000000, 0.000000, -0.000000, 0.000000, -0.000000, 0.000000, 0.000000, 0.000000, 0.000000, 0.000000, -0.000000, -0.000000, 0.000000, -0.000000, 0.000000, 0.000000, 0.000000, 0.000000, 0.000000, -0.000000, -0.393566, -0.901470, 0.141099, 0.618694, -0.000000, -0.000000, 0.000000, -0.000000, 
26, 0.261596, 0.795799, 0.599051, -0.416909, 0.116609, 0.510295, -0.377024, 0.107647, 0.716578, 0.000000, 0.000000, 0.000000, 0.000000, 0.000000, 0.000000, 0.000000, 0.000000, 0.000000, 0.927359, 0.126144, 0.608121, 0.750797, 0.314106, 0.228368, 0.000171, 0.000142, -0.000022, 0.000020, 0.000766, 0.000301, 0.000301, -0.364057, 0.941120, -0.757249, 0.531383, 0.593160, 0.000000, 0.000000, -0.000000, 0.000000, 0.378686, 0.421449, 0.426972, 0.344489, 0.591141, 0.743016, -0.466622, 1.009663, -0.707850, -0.784857, 0.107350, 0.087810, 0.732918, -0.049915, -0.899557, -0.295098, -0.952371, -0.250829, 0.611894, -0.063186, -0.159402, 0.388237, 0.269049, -0.239083, 0.103537, 0.123831, 0.202911, 0.733829, -0.814128, -0.841351, -0.951860, 0.645703, -0.088314, -0.871888, 0.473882, 0.762618, -0.000000, 0.000000, -0.000000, 0.000000, 0.000000, 0.000000, 0.000000, 0.000000, -0.000000, -0.000000, 0.000000, -0.000000, 0.000000, 0.000000, 0.000000, 0.000000, 0.000000, -0.000000, 0.000000, -0.000000, 0.000000, -0.000000, -0.000000, -0.000000, -0.000000, -0.000000, 0.000000, -0.000000, 0.000000, -0.000000, 0.000000, 0.000000, 0.000000, 0.000000, 0.000000, -0.000000, 0.752787, 0.142249, -0.566905, 0.693813, 0.000000, 0.000000, 0.000000, 0.000000, 
27, -0.229830, -0.367330, 0.618925, -0.416909, 0.116609, 0.510295, -0.378328, 0.108067, 0.716565, 0.000000, 0.000000, 0.000000, 0.000000, 0.000000, 0.000000, 0.000000, 0.000000, 0.000000, 0.332503, 0.415375, 0.551925, 0.430187, 0.311477, 0.129822, 0.000314, 0.000185, 0.000082, 0.000122, 0.001117, 0.001036, 0.001036, -0.265511, 0.873260, -0.771597, 0.870318, 0.680178, 0.000000, 0.000000, 0.000000, 0.000000, 0.687528, 0.285480, -0.649859, 1.083253, 0.928775, -0.084195, 0.710806, -0.475693, 0.938033, -0.946063, -0.249700, -0.078150, 0.919180, -0.616331, 0.561472, 0.750580, 0.815289, 0.699118, 0.919379, 0.530059, -0.471409, 0.706699, -0.469698, -0.435694, -0.445645, 0.729259, 0.683395, 0.314527, -0.529231, -0.956871, 0.655140, -0.562267, 0.065409, 0.984823, -0.674058, 0.141169, -0.000000, 0.000000, -0.000000, 0.000000, 0.000000, 0.000000, 0.000000, 0.000000, -0.000000, -0.000000, 0.000000, -0.000000, 0.000000, 0.000000, 0.000000, 0.000000, 0.000000, -0.000000, -0.000000, 0.000000, -0.000000, 0.000000, 0.000000, 0.000000, 0.000000, 0.000000, -0.000000, -0.000000, 0.000000, -0.000000, 0.000000, 0.000000, 0.000000, 0.000000, 0.000000, -0.000000, 1.033226, 0.404374, 0.434677, 0.848229, 0.000000, 0.000000, 0.000000, -0.000000, 
28, -0.273681, 0.486516, 0.449672, -0.416909, 0.116609, 0.510295, -0.374494, 0.108610, 0.716651, 0.000000, 0.000000, 0.000000, 0.000000, 0.000000, 0.000000, 0.000000, 0.000000, 0.000000, -0.884297, 0.300225, 0.397740, 0.708233, -0.141602, -0.099622, 0.000781, 0.000303, 0.000327, -0.000041, 0.002275, -0.000419, -0.000419, -0.036067, -0.589472, -0.220145, -0.384986, 0.837291, 0.000000, 0.000000, 0.000000, -0.000000, -0.938045, -0.913677, 0.748475, 0.463995, 0.814447, -0.702405, 0.638639, 0.084614, -0.560519, 0.101697, -0.812814, -0.467041, -0.609940, -0.171229, 0.835531, 0.338492, 0.200653, -0.838624, 0.490985, -0.067060, 0.647859, -0.526509, 0.216645, 0.500767, 0.457795, -0.362512, -0.697909, -0.075810, -0.917662, 0.919106, -0.856316, 0.547918, 0.073397, 0.442929, 0.399128, -0.535833, -0.000000, 0.000000, -0.000000, 0.000000, 0.000000, 0.000000, 0.000000, 0.000000, -0.000000, -0.000000, 0.000000, -0.000000, 0.000000, 0.000000, 0.000000, 0.000000, 0.000000, -0.000000, -0.000000, 0.000000, -0.000000, 0.000000, 0.000000, 0.000000, 0.000000, 0.000000, -0.000000, 0.000000, -0.000000, 0.000000, -0.000000, -0.000000, -0.000000, -0.000000, -0.000000, 0.000000, -0.004878, -0.399099, -0.543291, 0.083576, 0.000000, 0.000000, 0.000000, -0.000000, 
29, -0.035804, 0.926225, 0.617648, -0.416909, 0.116609, 0.510295, -0.373773, 0.108948, 0.716575, 0.000000, 0.000000, 0.000000, 0.000000, 0.000000, 0.000000, 0.000000, 0.000000, 0.000000, -0.638378, 0.391873, 0.274269, 0.470581, -0.289000, -0.132334, 0.000223, 0.000622, 0.000311, -0.000004, 0.003439, -0.000020, -0.000020, -0.003355, 0.363389, 0.896045, 0.312856, -0.405595, 0.000000, 0.000000, 0.000000, -0.000000, -0.647113, 0.336818, -0.475971, 0.885576, -0.742761, -1.005954, 0.715445, 1.115724, -0.063430, -0.302698, -0.977281, -0.372626, -0.390966, 0.515628, -0.304386, 0.931267, 0.361059, -0.013687, -0.603085, -0.750243, 0.007879, 1.075286, 0.165761, 0.174180, 0.102868, -0.393318, -0.349204, -0.590159, -0.012141, -0.643577, -0.890856, 0.708877, 0.587068, -0.990257, -0.643081, -0.516325, -0.000000, 0.000000, -0.000000, 0.000000, 0.000000, 0.000000, 0.000000, 0.000000, -0.000000, -0.000000, 0.000000, -0.000000, 0.000000, 0.000000, 0.000000, 0.000000, 0.000000, -0.000000, -0.000000, 0.000000, -0.000000, 0.000000, 0.000000, 0.000000, 0.000000, 0.000000, -0.000000, 0.000000, -0.000000, 0.000000, -0.000000, -0.000000, -0.000000, -0.000000, -0.000000, 0.000000, -0.009250, 0.188131, -0.306646, 0.786678, 0.000000, 0.000000, 0.000000, 0.000000, 
30, -0.367692, -0.800493, 0.457372, -0.352731, 0.115476, 0.510314, -0.375614, 0.109747, 0.716737, 0.000000, 0.000000, 0.000000, 0.000000, 0.000000, 0.000000, 0.000000, 0.000000, 0.000000, -0.470524, 0.700583, 0.946549, 0.711671, -0.603194, -0.383817, 0.000533, 0.000853, 0.000893, 0.000125, 0.004581, 0.000773, 0.000773, 0.216665, 0.153508, 0.605161, 1.380075, 0.970778, 0.000000, 0.000000, 0.000000, 0.000000, -0.289357, 0.404934, -0.750971, 1.341457, -0.274220, 0.534975, 1.155205, -0.021180, 0.786650, -0.670864, -0.503537, 0.875255, -0.219869, 1.007643, -0.689237, 0.542993, -0.043742, -0.577175, -0.310593, -1.088537, 0.126840, 0.263289, 0.603924, -0.068493, -0.636515, 0.107552, 0.302788, 0.690517, 0.189216, -0.105281, 1.062694, -0.237789, 0.841145, -0.587611, 0.732175, 0.226501, -0.000000, 0.000000, -0.000000, 0.000000, 0.000000, 0.000000, 0.000000, 0.000000, -0.000000, -0.000000, 0.000000, -0.000000, 0.000000, 0.000000, 0.000000, 0.000000, 0.000000, -0.000000, -0.000000, 0.000000, -0.000000, 0.000000, 0.000000, 0.000000, 0.000000, 0.000000, -0.000000, -0.000000, 0.000000, -0.000000, 0.000000, 0.000000, 0.000000, 0.000000, 0.000000, -0.000000, -0.749371, -0.308198, 0.461471, 1.192021, 0.000000, -0.000000, 0.000000, 0.000000, 
31, -0.124496, 0.524376, 0.500274, -0.352731, 0.115476, 0.510314, -0.372302, 0.110279, 0.716804, 0.000000, 0.000000, 0.000000, 0.000000, 0.000000, 0.000000, 0.000000, 0.000000, 0.000000, 0.266377, 0.904586, 0.610848, 0.648418, -0.127499, -0.082228, 0.001147, -0.000712, 0.000767, 0.000889, 0.005067, 0.014238, 0.000000, -0.084924, -0.463695, 0.534205, 0.205462, 1.471681, 0.000000, -0.000000, 0.000000, 0.000000, -0.413898, 0.053726, 0.206259, 0.495792, -0.290104, 0.167984, -1.084036, 0.070573, -0.031486, 0.530991, 0.740192, 0.262902, -0.935330, 0.442332, 1.119939, -0.320285, -0.864381, 0.232642, -1.670142, -0.352350, 0.152924, -0.021253, 0.611196, -0.509729, 0.363094, 0.772741, 0.774104, 0.116636, -0.649467, 0.186210, 0.771629, 0.342733, 0.189568, -0.013307, 0.584595, -0.102817, -0.000000, 0.000000, -0.000000, 0.000000, 0.000000, 0.000000, 0.000000, 0.000000, -0.000000, 0.000000, -0.000000, 0.000000, -0.000000, -0.000000, -0.000000, -0.000000, -0.000000, 0.000000, -0.000000, 0.000000, -0.000000, 0.000000, 0.000000, 0.000000, 0.000000, 0.000000, -0.000000, -0.000000, 0.000000, -0.000000, 0.000000, 0.000000, 0.000000, 0.000000, 0.000000, -0.000000, -0.132192, -0.174718, 0.311987, -0.157651, 0.000000, 0.000000, 0.000000, 0.000000, 
